period,power,significance,peaks
0.5,1.6969323149991098e-17,6.2617262329055805,0
0.75,2.6218000627122557e-17,6.265673474196294,0
1.0,3.6472933379545896e-17,6.2690020390161045,0
1.25,4.822984178857111e-17,0.443973878574241,0
1.5,6.21456775973828e-17,6.274587620290991,0
1.75,7.911188982680333e-17,0.25911792244797127,0
2.0,1.0035497206996841e-16,6.279298317698441,0
2.25,1.2757577657735505e-16,0.21295912786269788,0
2.5,1.6314336918310309e-16,0.177667026400249,0
2.75,2.1036517033035578e-16,0.2768775891607358,0
3.0,2.7386338771394214e-16,6.287204456348547,0
3.25,3.600991233787872e-16,0.18379657778515004,0
3.5,4.781011574655849e-16,0.7716064253321596,0
3.75,6.404777950384068e-16,0.17791705301197913,0
4.0,8.648193667227468e-16,6.29387348353909,0
4.25,1.1756387641262724e-15,0.20019906743178284,0
4.5,1.6070514799782396e-15,0.21348335124716358,0
4.75,2.20646998183054e-15,3.1036617579592702,0
5.0,3.0396865166818725e-15,0.44594295394327416,0
5.25,4.197852468122201e-15,0.16978095752671604,0
5.5,5.80704292410765e-15,0.1942935124609033,0
5.75,8.041337748031898e-15,0.559972672050218,0
6.0,1.1140675788992327e-14,6.305069045619132,0
6.25,1.543517410630072e-14,0.6423205977529515,0
6.5,2.1378184990418875e-14,0.23593927405867166,0
6.75,2.9591137086173304e-14,0.16668300767081917,0
7.0,4.0924234524545926e-14,0.17001896365987934,0
7.25,5.653844989814084e-14,0.23349534200695346,0
7.5,7.801604769139728e-14,0.44682948549563706,0
7.75,1.0750925017181486e-13,1.4332325523035805,0
8.0,1.4793978367459507e-13,6.3145155260857715,0
8.25,2.0326614699198244e-13,1.5727081066099453,0
8.5,2.7884081819307886e-13,0.5478728921992949,0
8.75,3.8188663825951157e-13,0.30301517515725507,0
9.0,5.221307622419211e-13,0.21422585834543892,0
9.25,7.126464685312507e-13,0.1768439572651494,0
9.5,9.709685514335791e-13,0.16317966873091683,0
9.75,1.3205679924908741e-12,0.16444923608736384,0
10.0,1.792797381264764e-12,0.17878092176515203,0
10.25,2.429451741897438e-12,0.20854455469924207,0
10.5,3.2861320421815452e-12,0.2610897364539297,0
10.75,4.436653263109524e-12,0.353008508795648,0
11.0,5.9788086817153516e-12,0.5226284097213508,0
11.25,8.041890960918492e-12,0.8685092626675844,0
11.5,1.079648372506899e-11,1.6806070899392815,0
11.75,1.4467180717860045e-11,3.778813486527293,0
12.0,1.934907106192006e-11,6.330379693934615,0
12.250000000000002,2.582905804830292e-11,3.9050391442803405,0
12.5,3.441336696262749e-11,1.8902889426014085,0
12.75,4.5762959055591126e-11,1.0629252747484603,0
13.0,6.073902146717385e-11,0.6880497103578527,0
13.25,8.046126817761739e-11,0.4926875537682162,0
13.5,1.0638249100474967e-10,0.37941411125633123,0
13.75,1.4038367398613402e-10,0.3084975905809723,0
14.0,1.8489506749796374e-10,0.26160656760925005,0
14.25,2.430499563613242e-10,0.22940663666986297,0
14.5,3.188795044600901e-10,0.20676165308033487,0
14.75,4.175590834782444e-10,0.19066786974063696,0
15.0,5.457189745230146e-10,0.17928285325071186,0
15.25,7.118353628754408e-10,0.1714348635473699,0
15.5,9.26721239548042e-10,0.1663598091288156,0
15.75,1.2041413105123586e-09,0.16355317275936102,0
16.0,1.5615804503558225e-09,0.1626833362229555,0
16.25,2.0212018032744463e-09,0.16353935211843257,0
16.5,2.6110385425314397e-09,0.1659989522625776,0
16.75,3.366472795984151e-09,0.17000901075476335,0
17.0,4.332066614902513e-09,0.17557408337690245,0
17.25,5.563823434380199e-09,0.18275053493188614,0
17.5,7.131974622830255e-09,0.19164487300503694,0
17.75,9.124404875498197e-09,0.20241560169637277,0
18.0,1.1650852861486182e-08,0.2152783916050041,0
18.25,1.4848050238312056e-08,0.23051474859367826,0
18.5,1.8885993524467517e-08,0.24848472972194527,0
18.75,2.397558006461944e-08,0.2696446604498067,0
19.0,3.037788220798304e-08,0.29457131221827215,0
19.25,3.841538370358086e-08,0.3239946743100345,0
19.5,4.848556013614899e-08,0.3588423918225784,0
19.75,6.10772520078307e-08,0.4003002722001019,0
20.0,7.679035592196417e-08,0.44989516673388624,0
20.25,9.635944743533252e-08,0.5096092546352027,0
20.5,1.2068204977800015e-07,0.5820385960601097,0
20.75,1.508523771242534e-07,0.6706140599622299,0
21.0,1.8820151081481587e-07,0.779909365076075,0
21.25,2.3434511329388212e-07,0.9160678708352032,0
21.5,2.9123994895923615e-07,1.0873823752741225,0
21.75,3.6125066503571854e-07,1.3050465061220526,0
22.0,4.472284903227723e-07,1.584023724557412,0
22.25,5.526037364890785e-07,1.943752502692222,0
22.5,6.814942365963297e-07,2.407799992142264,0
22.75,8.388321296273363e-07,3.0001792827146914,0
23.0,1.0305116985927746e-06,3.7335273975521672,0
23.249999999999996,1.2635612935668208e-06,4.582369267277591,0
23.5,1.5463427195882148e-06,5.4424711686456195,0
23.75,1.888781842063509e-06,6.1117803366095345,0
24.0,2.302634557796302e-06,6.366275311014786,0
24.25,2.8017926959715085e-06,6.122970063783416,0
24.500000000000004,3.4026348474279614e-06,5.508413751585422,0
24.749999999999996,4.124427568463887e-06,4.740676526253138,0
25.0,4.989782862258854e-06,3.988393795571795,0
25.25,6.025178300576374e-06,3.3319528737208306,0
25.5,7.261546603231294e-06,2.790401273119874,0
25.750000000000004,8.734941933938759e-06,2.354430542502522,0
26.0,1.048729058817504e-05,2.0060570009947982,0
26.249999999999996,1.2567234129556253e-05,1.7272285633989648,0
26.5,1.5031073362335725e-05,1.502656592394956,0
26.750000000000004,1.794382179364373e-05,1.3202392823064848,0
27.0,2.1380377423129183e-05,1.1706671752542182,0
27.25,2.542682178123057e-05,1.0468524062737048,0
27.5,3.0181855100470085e-05,0.9434038012012124,0
27.75,3.575837632571165e-05,0.8562042748960328,0
28.0,4.2285216326972766e-05,0.782088740982865,0
28.25,4.9909032149087015e-05,0.7186044373073802,0
28.5,5.8796369392840105e-05,0.6638342044663026,0
28.75,6.913589884874256e-05,0.6162663553954174,0
29.0,8.114083227451267e-05,0.5746985625732195,0
29.249999999999996,9.505152069889517e-05,0.5381664796199802,0
29.5,0.00011113823682777573,0.5058903669189811,0
29.75,0.0001297041410062147,0.47723487615671456,0
30.0,0.00015108842773805205,0.4516785090522011,0
30.25,0.00017566964697312618,0.428790237258785,0
30.5,0.00020386919123609366,0.40821146245137113,0
30.749999999999996,0.00023615493619132932,0.38964198904892977,0
31.0,0.0002730450184232383,0.37282903516438093,0
31.25,0.0003151117300760535,0.35755856143718395,0
31.5,0.0003629855055657653,0.34364838131400155,0
31.75,0.00041735897088232397,0.33094265036244286,0
32.0,0.00047899102108578265,0.31930743054693334,0
32.25,0.0005487108865187322,0.3086270980712543,0
32.5,0.0006274221430731849,0.29880141747798955,0
32.75,0.000716106616637507,0.2897431452267297,0
33.0,0.000815828126693247,0.2813760565545978,0
33.25,0.0009277360090278773,0.27363331265070717,0
33.5,0.0010530683527825505,0.26645610293296973,0
33.75,0.0011931548826766905,0.2597925108749839,0
34.0,0.0013494194133642523,0.25359656240178174,0
34.25,0.001523381799605116,0.24782742410205746,0
34.5,0.001716659303408609,0.24244872494627007,0
34.75,0.0019309672976546394,0.23742798027022874,0
35.0,0.0021681192250500867,0.23273610079538565,0
35.25,0.002430025731758121,0.22834697264713633,0
35.5,0.002718692896762711,0.2242370968815412,0
35.75,0.0030362194811055735,0.22038527907737732,0
36.0,0.003384793125649796,0.21677236120082974,0
36.25,0.0037666854320572577,0.21338098928689916,0
36.5,0.00418424586926857,0.21019541156888,0
36.75,0.004639894456972987,0.20720130257520106,0
37.0,0.005136113188353176,0.20438560944089557,0
37.25,0.0056754361667554635,0.201736417280046,0
37.5,0.006260438444811612,0.19924283096035442,0
37.75,0.006893723569824734,0.19689487103109723,0
38.0,0.007577909855801854,0.19468338189680018,0
38.25,0.008315615420201223,0.192599950613554,0
38.5,0.009109442042063903,0.1906368349231007,0
38.75,0.009961957917478803,0.18878689933982865,0
39.0,0.010875679408025673,0.1870435582742334,0
39.25,0.011853051897650057,0.18540072531864757,0
39.5,0.012896429893033055,0.18385276794149955,0
39.75,0.014008056521579701,0.18239446693865968,0
40.0,0.015190042599315553,0.1810209800775195,0
40.25,0.016444345457877003,0.17972780944379677,0
40.5,0.0177727477350541,0.17851077206466331,0
40.75,0.019176836346625904,0.17736597343635704,0
41.0,0.020657981868178642,0.1762897836313438,0
41.25,0.02221731856389121,0.1752788157005149,0
41.5,0.0238557253046189,0.17432990612080246,0
41.75,0.025573807619747542,0.17344009706880634,0
42.0,0.027371881126017378,0.1726066203272119,0
42.25,0.029249956571672224,0.17182688265354135,0
42.5,0.0312077267257731,0.17109845246059507,0
42.75,0.033244555330285884,0.17041904767522426,0
43.0,0.03535946831664898,0.1697865246571827,0
43.25,0.03755114746903478,0.16919886807302814,0
43.5,0.039817926693616966,0.16865418163164667,0
43.75,0.04215779102708005,0.1681506795981599,0
44.0,0.04456837848865796,0.16768667901194684,0
44.25,0.047046984848548856,0.16726059254241324,0
44.5,0.0495905713520356,0.16687092192312444,0
44.75,0.05219577540354143,0.16651625191108702,0
45.0,0.0548589241786821,0.16619524472342972,0
45.25,0.05757605109570516,0.16590663490858348,0
45.5,0.06034291504111555,0.1656492246133646,0
45.75,0.06315502220836923,0.16542187921119342,0
46.0,0.06600765037386921,0.1652235232600954,0
46.25,0.06889587540171785,0.16505313676216965,0
46.49999999999999,0.07181459973831357,0.16490975169892982,0
46.75,0.07475858263046892,0.16479244881934968,0
47.0,0.07772247177675325,0.1647003546596228,0
47.25,0.0807008361016481,0.16463263877559478,0
47.5,0.08368819932620869,0.1645885111705759,0
47.75,0.08667907399754553,0.16456721990281772,0
48.0,0.08966799563277454,0.16456804885834805,0
48.25,0.09264955663126057,0.16459031567613702,0
48.5,0.09561843961203567,0.16463336981371346,0
48.75,0.09856944984115093,0.16469659074238946,0
49.00000000000001,0.10149754642629552,0.16477938626218702,0
49.25000000000001,0.10439787197304148,0.1648811909274098,0
49.49999999999999,0.10726578041827864,0.16500146457456993,0
49.75,0.1100968627813846,0.16513969094507588,0
50.0,0.11288697060201093,0.16529537639571748,0
50.25,0.11563223686456557,0.16546804869056084,0
50.5,0.11832909424297489,0.16565725586838226,0
50.75,0.12097429053456953,0.16586256518024914,0
51.0,0.12356490118834708,0.16608356209228384,0
51.25,0.1260983388698218,0.16631984934904362,0
51.50000000000001,0.12857236004158218,0.1665710460933049,0
51.75,0.13098506857495135,0.16683678703837235,0
52.0,0.13333491644322254,0.167116721689329,0
52.25,0.13562070158030928,0.16741051360992085,0
52.49999999999999,0.13784156301981168,0.16771783973201737,0
52.74999999999999,0.1399969734580564,0.16803838970482216,0
53.0,0.14208672941022865,0.16837186528121614,0
53.25,0.14411093915100784,0.1687179797388105,0
53.50000000000001,0.14607000864989264,0.16907645733346374,0
53.75,0.1479646257265121,0.1694470327831798,0
54.0,0.14979574266257925,0.16982945078045575,0
54.25,0.15156455751471948,0.17022346553128295,0
54.5,0.1532724943762786,0.17062884031913647,0
54.75,0.15492118283646078,0.17104534709240005,0
55.0,0.1565124368819712,0.17147276607378717,0
55.24999999999999,0.15804823347993993,0.1719108853904131,0
55.5,0.15953069107156806,0.17235950072327022,0
55.75,0.16096204819395904,0.17281841497493855,0
56.0,0.1623446424333213,0.17328743795444784,0
56.25,0.16368088989650453,0.17376638607827452,0
56.5,0.16497326537003343,0.17425508208652912,0
56.74999999999999,0.16622428331680278,0.17475335477344914,0
57.0,0.16743647984077378,0.1752610387313715,0
57.25,0.16861239572971748,0.17577797410741153,0
57.5,0.16975456066564862,0.1763040063721268,0
57.75,0.17086547867239185,0.17683898609948817,0
58.0,0.17194761485003354,0.17738276875752482,0
58.25,0.17300338342710542,0.1779352145090505,0
58.49999999999999,0.1740351371434437,0.17849618802191305,0
58.75,0.17504515795999284,0.17906555828824666,0
59.0,0.17603564907651595,0.17964319845223617,0
59.25000000000001,0.1770087282243846,0.18022898564593426,0
59.5,0.17796642218942033,0.1808228008326994,0
59.75000000000001,0.17891066250922333,0.1814245286578493,0
60.0,0.1798432822805573,0.18203405730614752,0
60.25,0.18076601400516695,0.18265127836576558,0
60.5,0.18168048839684325,0.18327608669838255,0
60.74999999999999,0.18258823406856342,0.183908380315104,0
61.0,0.1834906780160347,0.18454806025790244,0
61.24999999999999,0.18438914681285912,0.18519503048629563,0
61.49999999999999,0.18528486843270536,0.18584919776899847,0
61.75,0.18617897461518165,0.18651047158029754,0
62.0,0.18707250369443615,0.18717876400091174,0
62.25000000000001,0.18796640381271215,0.18785398962311678,0
62.5,0.18886153644503254,0.18853606545992216,0
62.75,0.18975868016572955,0.18922491085810242,0
63.0,0.1906585345925505,0.18992044741489517,0
63.25000000000001,0.19156172444942052,0.1906225988981874,0
63.5,0.192468803694519,0.19133129117002382,0
63.75,0.19338025966600864,0.1920464521132766,0
64.0,0.19429651720344807,0.19276801156132842,0
64.25,0.19521794270853599,0.19349590123062504,0
64.5,0.19614484811428679,0.19423005465596374,0
64.75,0.19707749473697142,0.19497040712839026,0
65.0,0.19801609699010977,0.19571689563558234,0
65.25,0.19896082594442582,0.19646945880460762,0
65.5,0.1999118127219532,0.19722803684694468,0
65.75,0.2008691517163643,0.19799257150566657,0
66.0,0.2018329036350929,0.19876300600468816,0
66.25,0.20280309836191684,0.19953928499998422,0
66.5,0.20377973764135557,0.2003213545326918,0
66.75,0.2047627975885437,0.2011091619840114,0
67.0,0.2057522310301631,0.20190265603182964,0
67.25,0.20674796968357456,0.20270178660898558,0
67.5,0.20774992618251809,0.2035065048631117,0
67.75,0.20875799595865158,0.2043167631179796,0
68.0,0.2097720589888223,0.20513251483628528,0
68.25,0.2107919814183179,0.20595371458381442,0
68.5,0.2118176170704766,0.20678031799492658,0
68.75,0.2128488088529519,0.20761228173930418,0
69.0,0.21388539007068158,0.20844956348991142,0
69.25,0.2149271856552059,0.20929212189211488,0
69.5,0.21597401331946345,0.21013991653391478,0
69.75,0.21702568464657046,0.21099290791724243,0
70.0,0.21808200612040618,0.2118510574302802,0
70.25,0.21914278010507746,0.21271432732076118,0
70.5,0.2202078057795674,0.21358268067020922,0
70.75,0.22127688003307985,0.21445608136908187,0
71.0,0.2223497983258055,0.21533449409277808,0
71.25,0.2234263555190627,0.2162178842784782,0
71.5,0.22450634667801464,0.21710621810278177,0
71.75,0.225589567849457,0.21799946246011145,0
72.0,0.22667581681649934,0.21889758494185427,0
72.25,0.22776489383134843,0.21980055381620894,0
72.5,0.22885660232683394,0.22070833800871476,0
72.75,0.22995074960682077,0.22162090708343252,0
73.0,0.2310471475151999,0.22253823122475466,0
73.25,0.23214561308277445,0.22346028121981928,0
73.5,0.2332459691510339,0.22438702844150554,0
73.75,0.23434804497154804,0.22531844483198787,0
74.0,0.23545167677951598,0.22625450288682794,0
74.25,0.23655670833985518,0.2271951756395854,0
74.5,0.2376629914641275,0.22814043664692554,0
74.75,0.23877038649655571,0.22909025997420757,0
75.0,0.23987876276738998,0.23004462018153513,0
75.25,0.24098799901192952,0.23100349231025163,0
75.5,0.24209798375358738,0.23196685186986354,0
75.75,0.24320861564950821,0.23293467482537808,0
76.0,0.24431980379738966,0.23390693758503825,0
76.25,0.2454314680023346,0.23488361698844112,0
76.5,0.2465435390027503,0.23586469029502763,0
76.75,0.24765595865451465,0.23685013517292686,0
77.0,0.24876868007285743,0.2378399296881461,0
77.25,0.24988166773162185,0.238834052294092,0
77.5,0.2509948975198101,0.23983248182141167,0
77.75,0.2521083567555472,0.24083519746814316,0
78.0,0.2532220441578267,0.24184217879016343,0
78.25,0.2543359697766286,0.24285340569192443,0
78.5,0.2554501548822191,0.24386885841746694,0
78.75,0.2565646318146469,0.2448885175417028,0
79.0,0.2576794437946483,0.24591236396195526,0
79.25,0.25879464469735974,0.2469403788897506,0
79.5,0.25991029879039823,0.24797254384285095,0
79.75,0.2610264804380276,0.24900884063752093,0
80.0,0.2621432737732608,0.2500492513810189,0
80.25,0.2632607723398689,0.2510937584643082,0
80.5,0.2643790787063659,0.25214234455497697,0
80.75,0.26549830405412006,0.25319499259036404,0
81.0,0.26661856774181164,0.2542516857708804,0
81.25,0.26773999684849886,0.2553124075535215,0
81.5,0.2688627256975879,0.2563771416455647,0
81.75,0.2699868953640138,0.2574458719984443,0
82.0,0.2711126531669432,0.2585185828017994,0
82.25,0.2722401521502837,0.25959525847768894,0
82.5,0.273369550553264,0.2606758836749678,0
82.75,0.27450101127330095,0.2617604432638205,0
83.0,0.2756347013233137,0.2628489223304454,0
83.25,0.2767707912855843,0.2639413061718849,0
83.5,0.27790945476418333,0.2650375802910001,0
83.75,0.2790508678379019,0.2661377303915803,0
84.0,0.28019520851553714,0.26724174237358744,0
84.25,0.2813426561952807,0.2683496023285285,0
84.5,0.2824933911298675,0.26946129653495443,0
84.75,0.2836475938990221,0.27057681145407864,0
85.0,0.2848054448906506,0.27169613372551443,0
85.25,0.28596712379210076,0.2728192501631243,0
85.5,0.28713280909271566,0.2739461477509823,0
85.75,0.2883026775987882,0.2750768136394412,0
86.0,0.289476903961921,0.27621123514130397,0
86.25,0.29065566022168654,0.277349399728097,0
86.5,0.2918391153633801,0.2784912950264397,0
86.75,0.29302743489155386,0.2796369088145082,0
87.0,0.29422078041993016,0.2807862290185936,0
87.25,0.29541930927818766,0.2819392437097462,0
87.5,0.29662317413603934,0.28309594110050873,0
87.75,0.29783252264492177,0.28425630954173126,0
88.0,0.29904749709754963,0.28542033751947005,0
88.25,0.3002682341055096,0.28658801365196346,0
88.5,0.30149486429499794,0.28775932668668613,0
88.75,0.30272751202074605,0.288934265497476,0
89.0,0.30396629509812334,0.29011281908173625,0
89.25,0.3052113245533469,0.2912949765577047,0
89.5,0.30646270439168977,0.2924807271617948,0
89.75,0.3077205313835301,0.2936700602459992,0
90.0,0.30898489486805303,0.29486296527536116,0
90.25,0.3102558765743818,0.2960594318255069,0
90.5,0.31153355045988684,0.2972594495802396,0
90.75,0.3128179825654031,0.2984630083291906,0
91.0,0.31410923088705833,0.2996700979655323,0
91.25,0.31540734526441055,0.3008807084837423,0
91.5,0.3167123672845692,0.3020948299774247,0
91.75,0.3180243302019758,0.30331245263718426,0
92.0,0.3193432588735064,0.3045335667485496,0
92.25,0.3206691697085575,0.30575816268994954,0
92.5,0.32200207063377534,0.30698623093073685,0
92.75,0.323341961072086,0.3082177620292573,0
92.99999999999999,0.3246888319356891,0.30945274663096806,0
93.25,0.3260426656326781,0.31069117546659836,0
93.5,0.3274034360869518,0.3119330393503549,0
93.75,0.3287711087710932,0.31317832917816985,0
94.0,0.33014564075188735,0.3144270359259887,0
94.25,0.33152698074816195,0.3156791506480996,0
94.5,0.3329150692006387,0.31693466447550167,0
94.75,0.33430983835348244,0.3181935686143107,0
95.0,0.3357112123472498,0.31945585434420165,0
95.25,0.33711910732293554,0.3207215130168896,0
95.5,0.3385334315368193,0.32199053605464184,0
95.75,0.3399540854858276,0.323262914948828,0
96.0,0.34138096204311397,0.32453864125850107,0
96.25,0.3428139466035762,0.32581770660901194,0
96.5,0.34425291723902196,0.3271001026906551,0
96.75,0.34569774486269944,0.32838582125734583,0
97.0,0.3471482934029051,0.3296748541253261,0
97.25,0.3486044199853865,0.33096719317190115,0
97.5,0.35006597512424836,0.33226283033420345,0
97.74999999999999,0.35153280292107486,0.33356175760798584,0
98.00000000000001,0.3530047412719739,0.3348639670464396,0
98.24999999999999,0.3544816220822473,0.3361694507590408,0
98.50000000000001,0.3559632714883889,0.33747820091042197,0
98.75,0.3574495100871029,0.3387902097192677,0
98.99999999999999,0.3589401531710364,0.3401054694572365,0
99.25,0.36043501097091163,0.3414239724479056,0
99.5,0.3619338889037359,0.34274571106573803,0
99.75,0.3634365878267691,0.34407067773507416,0
100.0,0.3649429042969156,0.3453988649291446,0
100.25,0.3664526308352065,0.3467302651691041,0
100.5,0.3679655561960296,0.3480648710230876,0
100.75,0.3694814656407623,0.349402675105286,0
101.0,0.37100014121545577,0.3507436700750422,0
101.25,0.37252136203221226,0.3520878486359669,0
101.5,0.3740449045538955,0.3534352035350733,0
101.75,0.37557054288180813,0.35478572756192983,0
102.0,0.3770980490459646,0.35613941354783285,0
102.25,0.3786271932975881,0.35749625436499494,0
102.5,0.3801577444034521,0.35885624292575174,0
102.75,0.3816894699416857,0.360219372181785,0
103.00000000000001,0.38322213659866333,0.3615856351233641,0
103.25,0.38475551046658957,0.36295502477860014,0
103.5,0.38628935734139314,0.3643275342127191,0
103.74999999999999,0.38782344302054544,0.36570315652734803,0
104.0,0.38935753360041003,0.3670818848598191,0
104.25000000000001,0.3908913957727369,0.3684637123824842,0
104.5,0.39242479711991257,0.3698486323020478,0
104.75,0.3939575064085766,0.37123663785891065,0
104.99999999999999,0.3954892938812199,0.37262772232653074,0
105.25,0.3970199315453765,0.37402187901079353,0
105.49999999999999,0.39854919346002876,0.375419101249398,0
105.75,0.4000768560188444,0.37681938241125434,0
106.0,0.40160269822986777,0.37822271589589535,0
106.25000000000001,0.4031265019912937,0.37962909513289733,0
106.5,0.40464805236295187,0.3810385135813161,0
106.75,0.4061671378331411,0.38245096472913265,0
107.00000000000001,0.40768355058044925,0.3838664420927102,0
107.25,0.409197086730209,0.3852849392162632,0
107.5,0.4107075466052423,0.38670644967133677,0
107.75,0.41221473497054706,0.38813096705629735,0
108.0,0.4137184612716011,0.38955848499583107,0
108.25,0.41521853986594964,0.3909889971404572,0
108.5,0.4167147902477654,0.3924224971660465,0
108.75,0.4182070372650684,0.3938589787733529,0
109.0,0.41969511132930704,0.39529843568755185,0
109.25,0.4211788486170157,0.3967408616577905,0
109.5,0.42265809126326315,0.39818625045674516,0
109.75,0.4241326875466303,0.3996345958801885,0
110.0,0.425602492065459,0.401085891746565,0
110.25,0.42706736590512995,0.4025401318965758,0
110.49999999999999,0.42852717679613544,0.4039973101927695,0
110.75000000000001,0.42998179926273516,0.4054574205191457,0
111.0,0.4314311147619875,0.40692045678075967,0
111.24999999999999,0.4328750118129695,0.40838641290334277,0
111.5,0.43431338611601217,0.40985528283292333,0
111.75,0.4357461406617908,0.41132706053545987,0
112.0,0.4371731858301309,0.4128017399964786,0
112.25,0.43859443947840365,0.41427931522072126,0
112.5,0.44000982701940156,0.41575978023179516,0
112.75,0.4414192814886044,0.4172431290718359,0
113.0,0.44282274360076274,0.41872935580117193,0
113.25,0.4442201617957433,0.42021845449799805,0
113.49999999999999,0.4456114922736023,0.42171041925805525,0
113.75,0.44699669901886674,0.42320524419431566,0
114.0,0.44837575381403016,0.42470292343667587,0
114.25,0.44974863624227923,0.4262034511316527,0
114.5,0.45111533367949824,0.42770682144208944,0
114.74999999999999,0.45247584127560597,0.4292130285468635,0
115.0,0.45383016192531317,0.4307220666406032,0
115.25,0.455178306228395,0.43223392993340776,0
115.5,0.45652029243960035,0.4337486126505736,0
115.75,0.4578561464083413,0.43526610903232665,0
116.0,0.45918590150831823,0.43678641333355855,0
116.25,0.46050959855726015,0.43830951982356847,0
116.5,0.4618272857269798,0.43983542278581095,0
116.75,0.4631390184439594,0.4413641165176471,0
116.99999999999999,0.46444485928069823,0.44289559533010137,0
117.25,0.46574487783808205,0.4444298535476228,0
117.5,0.46703915061903417,0.4459668855078515,0
117.75,0.468327760893745,0.4475066855613888,0
118.0,0.4696107985567745,0.4490492480715722,0
118.25,0.47088835997635076,0.45059456741425524,0
118.50000000000001,0.4721605478361937,0.45214263797759013,0
118.75,0.4734274709702145,0.4536934541618162,0
119.0,0.47468924419044584,0.45524701037905185,0
119.25,0.47594598810858046,0.4568033010530899,0
119.50000000000001,0.4771978289514951,0.45836232061919785,0
119.75000000000001,0.4784448983711587,0.4599240635239204,0
120.0,0.4796873332493249,0.4614885242248889,0
120.25,0.48092527549742203,0.4630556971906309,0
120.5,0.4821588718520569,0.46462557690038553,0
120.74999999999999,0.48338827366656123,0.46619815784392116,0
121.0,0.4846136366990071,0.4677734345213582,0
121.25,0.4858351208971292,0.4693514014429939,0
121.49999999999999,0.4870528901805887,0.4709320531291306,0
121.75,0.4882671122210209,0.4725153841099089,0
122.0,0.4894779582203037,0.4741013889251403,0
122.24999999999999,0.4906856026874919,0.4756900621241492,0
122.49999999999999,0.49189022321484943,0.47728139826561045,0
122.75000000000001,0.4930920002534229,0.47887539191739675,0
122.99999999999999,0.49429111688858446,0.48047203765642427,0
123.25,0.49548775861597333,0.48207133006850444,0
123.5,0.4966821131182608,0.48367326374819614,0
123.75,0.4978743700431514,0.48527783329866286,0
124.0,0.49906472078303243,0.48688503333152994,0
124.24999999999999,0.5002533582566696,0.48849485846674845,0
124.50000000000001,0.5014404766933389,0.4901073033324574,0
124.75000000000001,0.5026262714197776,0.4917223625648521,0
125.0,0.5038109386503209,0.4933400308080522,0
125.25000000000001,0.5049946752805842,0.49496030271397573,0
125.5,0.506177678685031,0.4965831729422108,0
125.75000000000001,0.5073601465187627,0.49820863615989563,0
126.0,0.5085422765238431,0.4998366870415952,0
126.25,0.5097242663404632,0.5014673202691838,0
126.50000000000001,0.5109063133232283,0.5031005305317299,0
126.75,0.5120886143628456,0.5047363125253806,0
127.0,0.5132713657134576,0.5063746609532516,0
127.25000000000001,0.5144547628258707,0.5080155705253167,0
127.5,0.515639000186887,0.5096590359583002,0
127.75,0.5168242711649558,0.5113050519755737,0
128.0,0.5180107678623188,0.5129536133070506,0
128.25,0.5191986809738259,0.5146047146890862,0
128.5,0.5203881996525649,0.516258350864378,0
128.75,0.5215795113824412,0.5179145165818692,0
129.0,0.5227728018578175,0.5195732065966523,0
129.25,0.5239682548703094,0.521234415669877,0
129.5,0.5251660522028164,0.5228981385686576,0
129.75,0.5263663735308395,0.524564370065983,0
130.0,0.5275693963311353,0.5262331049406302,0
130.25,0.5287752957977193,0.5279043379770773,0
130.5,0.5299842447652331,0.5295780639654168,0
130.75,0.5311964136396513,0.5312542777012768,0
131.0,0.5324119703363096,0.5329329739857369,0
131.25,0.5336310802251989,0.5346141476252494,0
131.5,0.5348539060834645,0.5362977934315607,0
131.75,0.5360806080550339,0.5379839062216365,0
132.0,0.537311343617272,0.5396724808175852,0
132.25,0.5385462675545571,0.5413635120465857,0
132.5,0.539785531938655,0.5430569947408146,0
132.75,0.5410292861157422,0.5447529237373765,0
133.0,0.5422776766999359,0.5464512938782342,0
133.25,0.5435308475731554,0.5481521000101421,0
133.5,0.5447889398911419,0.5498553369845796,0
133.75,0.5460520920954427,0.5515609996576857,0
134.0,0.5473204399311542,0.5532690828901958,0
134.25,0.548594116470216,0.5549795815473805,0
134.5,0.5498732521400294,0.5566924904989828,0
134.75,0.5511579747571662,0.5584078046191601,0
135.0,0.5524484095659266,0.5601255187864247,0
135.25,0.553744679281496,0.5618456278835875,0
135.5,0.5550469041374433,0.5635681267977013,0
135.75,0.5563552019372944,0.5652930104200065,0
136.0,0.5576696881099105,0.567020273645877,0
136.25,0.5589904757683958,0.5687499113747683,0
136.5,0.5603176757722507,0.5704819185101654,0
136.75,0.5616513967924875,0.5722162899595329,0
137.0,0.5629917453794179,0.5739530206342658,0
137.25,0.5643388260328209,0.5756921054496423,0
137.5,0.5656927412741968,0.5774335393247746,0
137.75,0.5670535917208098,0.5791773171825635,0
138.0,0.5684214761612275,0.5809234339496562,0
138.25,0.5697964916320549,0.5826718845563975,0
138.5,0.5711787334955689,0.584422663936791,0
138.75,0.5725682955179587,0.5861757670284535,0
139.0,0.5739652699478748,0.5879311887725769,0
139.25,0.5753697475949997,0.5896889241138853,0
139.5,0.5767818179083473,0.5914489680005975,0
139.75,0.5782015690540049,0.5932113153843883,0
140.0,0.5796290879920406,0.5949759612203498,0
140.25,0.5810644605522937,0.596742900466956,0
140.5,0.5825077715087762,0.5985121280860256,0
140.75,0.5839591046524228,0.6002836390426889,0
141.0,0.5854185428619207,0.6020574283053521,0
141.25,0.5868861681723696,0.6038334908456644,0
141.5,0.5883620618415226,0.6056118216384855,0
141.75,0.5898463044133665,0.6073924156618525,0
142.0,0.5913389757788053,0.6091752678969524,0
142.25,0.5928401552332289,0.6109603733280875,0
142.5,0.5943499215307402,0.6127477269426481,0
142.75,0.5958683529348419,0.6145373237310849,0
143.0,0.5973955272653747,0.6163291586868779,0
143.25,0.5989315219415243,0.6181232268065115,0
143.5,0.6004764140207132,0.6199195230894463,0
143.75,0.6020302802332064,0.6217180425380945,0
144.0,0.6035931970122728,0.6235187801577934,0
144.25,0.605165240519752,0.6253217309567809,0
144.5,0.6067464866668836,0.6271268899461715,0
144.75,0.6083370111302786,0.6289342521399347,0
145.0,0.6099368893629037,0.6307438125548693,0
145.25,0.6115461965999842,0.6325555662105828,0
145.5,0.6131650078597201,0.6343695081294707,0
145.75,0.614793397938736,0.6361856333366934,0
146.0,0.616431441402195,0.6380039368601589,0
146.25,0.6180792125685067,0.6398244137304984,0
146.5,0.6197367854885892,0.6416470589810528,0
146.75,0.6214042339196392,0.6434718676478504,0
147.0,0.6230816312933891,0.645298834769588,0
147.25,0.6247690506788318,0.6471279553876178,0
147.5,0.6264665647394131,0.6489592245459254,0
147.75,0.6281742456846952,0.6507926372911168,0
148.0,0.629892165216515,0.6526281886724001,0
148.25,0.6316203944696638,0.6544658737415728,0
148.5,0.6333590039471311,0.6563056875530022,0
148.75,0.6351080634499675,0.6581476251636171,0
149.0,0.6368676420018256,0.6599916816328885,0
149.25,0.6386378077682555,0.661837852022818,0
149.5,0.6404186279708415,0.6636861313979262,0
149.75,0.6422101687962701,0.6655365148252375,0
150.0,0.6440124953004428,0.6673889973742695,0
150.25,0.6458256713077377,0.6692435741170211,0
150.5,0.6476497593055556,0.6711002401279612,0
150.75,0.6494848203342781,0.6729589904840171,0
151.0,0.6513309138727864,0.6748198202645654,0
151.25,0.6531880977196891,0.6766827245514206,0
151.5,0.6550564278704221,0.678547698428827,0
151.75,0.6569359583903921,0.6804147369834478,0
152.0,0.6588267412843379,0.6822838353043572,0
152.25,0.6607288263620988,0.684154988483032,0
152.5,0.6626422611009798,0.686028191613344,0
152.75,0.6645670905049154,0.6879034397915512,0
153.0,0.6665033569606379,0.6897807281162911,0
153.25,0.6684511000910647,0.6916600516885733,0
153.5,0.6704103566061209,0.6935414056117751,0
153.75,0.672381160151226,0.6954247849916302,0
154.0,0.6743635411536688,0.6973101849362295,0
154.25,0.676357526667114,0.6991976005560095,0
154.5,0.6783631402144693,0.7010870269637517,0
154.75,0.6803804016293662,0.7029784592745744,0
155.0,0.6824093268964952,0.7048718926059296,0
155.25,0.6844499279910489,0.706767322077599,0
155.5,0.686502212717524,0.7086647428116888,0
155.75,0.6885661845481426,0.710564149932628,0
156.0,0.6906418424611451,0.7124655385671628,0
156.25,0.6927291807792175,0.7143689038443548,0
156.5,0.6948281890083156,0.7162742408955797,0
156.75,0.6969388516771409,0.7181815448545206,0
157.0,0.6990611481775408,0.7200908108571699,0
157.25,0.7011950526060897,0.722002034041827,0
157.5,0.7033405336071066,0.7239152095490924,0
157.75,0.7054975542173861,0.7258303325218731,0
158.0,0.7076660717128903,0.7277473981053753,0
158.25,0.7098460374576614,0.7296664014471074,0
158.5,0.7120373967552209,0.7315873376968778,0
158.75,0.7142400887027001,0.7335102020067948,0
159.0,0.7164540460479549,0.7354349895312664,0
159.25,0.7186791950499234,0.7373616954270011,0
159.5,0.7209154553424587,0.7392903148530073,0
159.75,0.7231627398018872,0.7412208429705947,0
160.0,0.7254209544185316,0.743153274943374,0
160.25,0.7276899981724217,0.7450876059372604,0
160.5,0.7299697629134357,0.7470238311204714,0
160.75,0.732260133246085,0.748961945663531,0
161.0,0.7345609864191652,0.7509019447392706,0
161.25,0.7368721922204898,0.7528438235228309,0
161.5,0.7391936128769031,0.7547875771916633,0
161.75,0.7415251029597856,0.7567332009255338,0
162.0,0.7438665092962372,0.7586806899065234,0
162.25,0.7462176708861314,0.7606300393190332,0
162.5,0.7485784188252157,0.7625812443497856,0
162.75,0.750948576234439,0.7645343001878288,0
163.0,0.7533279581956641,0.7664892020245365,0
163.25,0.7557163716939331,0.7684459450536185,0
163.5,0.7581136155664263,0.7704045244711155,0
163.75,0.7605194804582669,0.7723649354754101,0
164.0,0.7629337487852998,0.7743271732672274,0
164.25,0.7653561947039753,0.7762912330496398,0
164.5,0.7677865840884494,0.7782571100280703,0
164.75,0.7702246745150216,0.7802247994102989,0
165.0,0.772670215254001,0.7821942964064675,0
165.25,0.7751229472690899,0.7841655962290814,0
165.5,0.7775826032243841,0.7861386940930175,0
165.75,0.7800489074990474,0.7881135852155291,0
166.0,0.782521576209733,0.7900902648162494,0
166.25,0.7850003172408095,0.7920687281171975,0
166.5,0.7874848302824321,0.7940489703427858,0
166.75,0.7899748068765042,0.7960309867198234,0
167.0,0.7924699304705509,0.7980147724775222,0
167.25,0.7949698764795314,0.8000003228475053,0
167.5,0.7974743123555931,0.8019876330638095,0
167.75,0.7999828976657732,0.8039766983628941,0
168.0,0.8024952841776386,0.8059675139836467,0
168.25,0.805011115952846,0.8079600751673887,0
168.5,0.8075300294485991,0.8099543771578823,0
168.75,0.8100516536269623,0.8119504152013399,0
169.0,0.8125756100719903,0.8139481845464264,0
169.25,0.8151015131146224,0.8159476804442689,0
169.5,0.8176289699652755,0.8179488981484629,0
169.75,0.8201575808540689,0.8199518329150819,0
170.0,0.8226869391785966,0.8219564800026797,0
170.25,0.8252166316591708,0.8239628346723026,0
170.5,0.8277462385014251,0.8259708921874945,0
170.75,0.8302753335661912,0.8279806478143059,0
171.0,0.8328034845465204,0.8299920968212995,0
171.25,0.8353302531517425,0.8320052344795601,0
171.5,0.8378551952984288,0.8340200560627014,0
171.75,0.8403778613081283,0.8360365568468748,0
172.0,0.8428977961117279,0.8380547321107761,0
172.25,0.845414539460296,0.8400745771356561,0
172.5,0.8479276261422443,0.8420960872053251,0
172.75,0.8504365862066526,0.8441192576061668,0
173.0,0.8529409451925806,0.8461440836271406,0
173.25,0.855440224364193,0.8481705605597933,0
173.5,0.8579339409515183,0.8501986836982695,0
173.75,0.8604216083966434,0.8522284483393161,0
174.0,0.8629027366051636,0.8542598497822943,0
174.25,0.8653768322026766,0.8562928833291875,0
174.5,0.8678433987961208,0.8583275442846089,0
174.75,0.8703019372397501,0.8603638279558133,0
175.0,0.8727519459055229,0.8624017296527033,0
175.25,0.8751929209576943,0.8644412446878399,0
175.5,0.8776243566313837,0.866482368376452,0
175.75,0.880045745514889,0.8685250960364448,0
176.0,0.8824565788355176,0.8705694229884093,0
176.25,0.8848563467487005,0.8726153445556323,0
176.5,0.8872445386301472,0.8746628560641055,0
176.75,0.8896206433708036,0.8767119528425343,0
177.0,0.8919841496743643,0.8787626302223498,0
177.25,0.8943345463570966,0.8808148835377132,0
177.5,0.896671322649725,0.8828687081255332,0
177.75,0.898993968501125,0.8849240993254691,0
178.0,0.9013019748835714,0.8869810524799427,0
178.25,0.9035948340992889,0.8890395629341495,0
178.5,0.9058720400880504,0.8910996260360687,0
178.75,0.9081330887355591,0.8931612371364696,0
179.0,0.9103774781823656,0.895224391588925,0
179.25,0.9126047091330564,0.8972890847498214,0
179.5,0.9148142851654539,0.8993553119783665,0
179.75,0.9170057130395777,0.9014230686366014,0
180.0,0.9191785030060959,0.9034923500894104,0
180.25,0.9213321691140235,0.9055631517045309,0
180.5,0.9234662295173967,0.907635468852563,0
180.75,0.9255802067806798,0.9097092969069825,0
181.0,0.9276736281826413,0.9117846312441477,0
181.25,0.9297460260184476,0.9138614672433106,0
181.5,0.9317969378997261,0.9159398002866304,0
181.75,0.9338259070523486,0.9180196257591805,0
182.0,0.9358324826116782,0.9201009390489594,0
182.25,0.937816219915049,0.9221837355469034,0
182.5,0.9397766807912242,0.9242680106468938,0
182.75,0.9417134338466019,0.9263537597457716,0
183.0,0.9436260547479265,0.9284409782433434,0
183.25,0.9455141265012749,0.9305296615423958,0
183.5,0.9473772397270899,0.9326198050487053,0
183.75,0.9492149929310314,0.934711404171046,0
184.0,0.9510269927704269,0.936804454321206,0
184.25000000000003,0.9528128543161012,0.9388989509139911,0
184.5,0.9545722013093748,0.9409948893672416,0
184.75,0.9563046664140191,0.9430922651018405,0
185.0,0.9580098914629669,0.9451910735417236,0
185.25,0.9596875276995763,0.947291310113892,0
185.5,0.9613372360132584,0.949392970248421,0
185.75,0.9629586871692719,0.9514960493784743,0
185.99999999999997,0.9645515620325139,0.9536005429403088,0
186.25,0.9661155517851137,0.955706446373293,0
186.5,0.967650358137665,0.957813755119913,0
186.75,0.9691556935339368,0.9599224646257831,0
187.0,0.9706312813488872,0.9620325703396602,0
187.25,0.9720768560798376,0.9641440677134516,0
187.5,0.9734921635306546,0.9662569522022272,0
187.75,0.9748769609887967,0.9683712192642311,0
188.0,0.9762310173950959,0.9704868643608907,0
188.25,0.9775541135061366,0.9726038829568283,0
188.5,0.9788460420491176,0.9747222705198746,0
188.75,0.9801066078690795,0.9768420225210767,0
189.0,0.9813356280683825,0.9789631344347081,0
189.25,0.9825329321383459,0.981085601738285,0
189.5,0.9836983620829419,0.9832094199125716,0
189.75,0.9848317725344635,0.9853345844415932,0
190.0,0.9859330308610841,0.9874610908126491,0
190.25,0.9870020172662323,0.9895889345163212,0
190.5,0.9880386248797248,0.9917181110464861,0
190.75,0.9890427598405862,0.9938486159003237,0
191.0,0.9900143413715158,0.9959804445783341,0
191.25,0.9909533018449447,0.9981135925843424,0
191.5,0.9918595868406632,1.0002480554255113,0
191.75,0.9927331551949701,1.0023838286123556,0
192.0,0.9935739790413363,1.0045209076587498,0
192.25,0.9943820438425581,1.0066592880819385,0
192.5,0.995157348414398,1.0087989654025502,0
192.75,0.995899904940714,1.010939935144607,0
193.0,0.9966097389800744,1.013082192835534,0
193.24999999999997,0.9972868894638864,1.0152257340061748,0
193.5,0.9979314086860465,1.0173705541907978,0
193.75,0.9985433622841515,1.019516648927108,0
194.0,0.9991228292122994,1.021664013756261,0
194.25,0.9996699017055239,1.02381264422287,0
194.5,1.000184685235913,1.0259625358750208,0
194.75,1.0006672984604679,1.0281136842642793,0
195.0,1.0011178731607662,1.0302660849457042,0
195.25,1.0015365541744938,1.032419733477857,0
195.49999999999997,1.0019234993189308,1.0345746254228148,0
195.75,1.0022788793064679,1.0367307563461787,0
196.00000000000003,1.0026028776522409,1.0388881218170876,0
196.25,1.0028956905739876,1.041046717408224,0
196.49999999999997,1.003157526884222,1.0432065386958334,0
196.75,1.0033886078748289,1.045367581259724,0
197.00000000000003,1.003589167194208,1.0475298406832907,0
197.25,1.0037594507170706,1.049693312553513,0
197.5,1.0038997164070231,1.051857992460974,0
197.74999999999997,1.0040102341720643,1.0540238759998697,0
197.99999999999997,1.0040912857131359,1.0561909587680185,0
198.25,1.0041431643658612,1.0583592363668726,0
198.5,1.0041661749356223,1.060528704401528,1
198.75,1.0041606335261295,1.062699358480737,0
199.0,1.004126867361627,1.0648711942169184,0
199.25000000000003,1.0040652146029092,1.0670442072261657,0
199.5,1.0039760241573008,1.0692183931282628,0
199.75,1.0038596554827743,1.0713937475466893,0
200.0,1.0037164783863775,1.0735702661086348,0
200.25,1.0035468728171426,1.0757479444450082,0
200.5,1.0033512286536614,1.077926778190449,0
200.75,1.0031299454865077,1.080106762983337,0
201.0,1.0028834323956932,1.082287894465803,0
201.25,1.0026121077233445,1.0844701682837408,0
201.5,1.0023163988417951,1.0866535800868151,0
201.75,1.0019967419172884,1.088838125528476,0
202.0,1.0016535816694823,1.091023800265965,0
202.25000000000003,1.0012873711269619,1.093210599960327,0
202.5,1.0008985713789587,1.0953985202764245,0
202.75,1.0004876513234726,1.097587556882942,0
203.0,1.0000550874120158,1.0997777054524018,0
203.25,0.9996013633911662,1.101968961661169,0
203.5,0.999126970041152,1.1041613211894672,0
203.75,0.9986324049116668,1.1063547797213853,0
204.0,0.9981181720551265,1.1085493329448899,0
204.25000000000003,0.9975847817575779,1.1107449765518338,0
204.5,0.9970327502674647,1.112941706237966,0
204.75,0.9964625995224639,1.1151395177029466,0
205.0,0.9958748568746004,1.1173384066503516,0
205.25,0.9952700548138516,1.1195383687876814,0
205.5,0.9946487306904398,1.1217393998263816,0
205.75000000000003,0.9940114264360396,1.1239414954818416,0
206.00000000000003,0.9933586882840859,1.1261446514734093,0
206.25,0.9926910664894059,1.1283488635244026,0
206.5,0.9920091150473672,1.130554127362118,0
206.75,0.9913133914127532,1.1327604387178392,0
207.0,0.9906044562185629,1.1349677933268494,0
207.25,0.9898828729949382,1.1371761869284407,0
207.49999999999997,0.989149207888412,1.1393856152659232,0
207.75,0.9884040293816772,1.1415960740866349,0
208.0,0.9876479080140688,1.1438075591419545,0
208.25000000000003,0.9868814161029463,1.1460200661873075,0
208.50000000000003,0.9861051274661713,1.148233590982175,0
208.75,0.9853196171458566,1.15044812929011,0
209.0,0.98452546113358,1.152663676878741,0
209.25,0.983723236097232,1.154880229519784,0
209.5,0.9829135191096796,1.157097782989053,0
209.75,0.9820968873794185,1.159316333066468,0
209.99999999999997,0.9812739179833779,1.161535875536064,0
210.25000000000003,0.9804451876020502,1.1637564061860053,0
210.5,0.979611272257103,1.1659779208085894,0
210.74999999999997,0.9787727470516316,1.1682004152002594,0
210.99999999999997,0.9779301859132075,1.1704238851616124,0
211.25,0.977084161339871,1.1726483264974108,0
211.5,0.9762352441492165,1.1748737350165923,0
211.75,0.9753840032307064,1.177100106532273,0
212.0,0.9745310053013556,1.1793274368617654,0
212.25000000000003,0.9736768146649161,1.1815557218265818,0
212.50000000000003,0.9728219929746922,1.1837849572524468,0
212.75,0.9719670990001062,1.1860151389693037,0
213.0,0.971112688397137,1.1882462628113273,0
213.25000000000003,0.9702593134827414,1.190478324616931,0
213.5,0.9694075230133707,1.1927113202287754,0
213.75,0.9685578619676856,1.194945245493778,0
214.00000000000003,0.9677108713335675,1.1971800962631247,0
214.25000000000003,0.9668670878995251,1.1994158683922747,0
214.5,0.9660270440505772,1.2016525577409722,0
214.75,0.9651912675687072,1.2038901601732568,0
215.0,0.9643602814379594,1.206128671557466,0
215.25,0.9635346036542596,1.208368087766254,0
215.5,0.9627147470400198,1.210608404676593,0
215.75,0.9619012190636056,1.2128496181697825,0
216.0,0.9610945216637083,1.2150917241314632,0
216.25,0.9602951510786949,1.217334718451621,0
216.5,0.9595035976809677,1.2195785970245974,0
216.75,0.9587203458163948,1.2218233557490996,0
217.0,0.9579458736488364,1.2240689905282058,0
217.25,0.9571806530098144,1.226315497269377,0
217.5,0.9564251492533441,1.228562871884466,0
217.75,0.9556798211159612,1.230811110289721,0
218.0,0.954945120581963,1.2330602084057998,0
218.25,0.9542214927538734,1.2353101621577762,0
218.5,0.9535093757281521,1.2375609674751478,0
218.74999999999997,0.9528092004761465,1.2398126202918465,0
219.0,0.9521213907302918,1.2420651165462426,0
219.25,0.9514463628755555,1.2443184521811592,0
219.5,0.9507845258461208,1.2465726231438754,0
219.75,0.9501362810272937,1.2488276253861363,0
220.0,0.9495020221626228,1.2510834548641638,0
220.25,0.9488821352662081,1.2533401075386603,0
220.5,0.9482769985401759,1.2555975793748186,0
220.74999999999997,0.9476869822972953,1.2578558663423318,0
220.99999999999997,0.9471124488886951,1.260114964415401,0
221.25,0.9465537526366593,1.2623748695727406,0
221.50000000000003,0.9460112397724476,1.2646355777975888,0
221.75,0.9454852483791084,1.266897085077715,0
